datetime,open,high,low,close,volume
2023-01-02 09:30:00,4000.0,4000.81,3999.68,4000.75,1696
2023-01-02 09:31:00,4000.75,4003.17,4000.24,4003.03,12312
2023-01-02 09:32:00,4003.03,4003.3,4002.09,4002.33,3627
2023-01-02 09:33:00,4002.33,4003.63,4001.15,4001.63,3442
2023-01-02 09:34:00,4001.63,4001.78,3999.65,4000.11,6089
2023-01-02 09:35:00,4000.11,4000.42,3997.69,3997.99,7220
2023-01-02 09:36:00,3997.99,3998.04,3996.6,3997.17,672
2023-01-02 09:37:00,3997.17,3998.04,3996.7,3997.74,1027
2023-01-02 09:38:00,3997.74,3998.66,3996.83,3996.83,349
2023-01-02 09:39:00,3996.83,3996.95,3995.05,3995.25,10862
2023-01-02 09:40:00,3995.25,3996.54,3994.58,3995.56,34928
2023-01-02 09:41:00,3995.56,3995.96,3995.12,3995.86,25494
2023-01-02 09:42:00,3995.86,3996.01,3994.94,3995.68,17645
2023-01-02 09:43:00,3995.68,3996.36,3994.16,3994.6,7824
2023-01-02 09:44:00,3994.6,3995.28,3994.26,3995.09,55
2023-01-02 09:45:00,3995.09,3996.3,3994.64,3996.01,13056
2023-01-02 09:46:00,3996.01,3996.16,3994.58,3994.75,4018
2023-01-02 09:47:00,3994.75,3996.3,3994.54,3996.21,3933
2023-01-02 09:48:00,3996.21,3998.11,3996.17,3997.43,1273
2023-01-02 09:49:00,3997.43,3999.42,3997.03,3998.93,8238
2023-01-02 09:50:00,3998.93,3999.72,3997.57,3998.88,257
2023-01-02 09:51:00,3998.88,4000.82,3998.36,4000.11,7104
2023-01-02 09:52:00,4000.11,4000.29,3999.05,3999.78,2598
2023-01-02 09:53:00,3999.78,3999.89,3998.79,3999.01,1758
2023-01-02 09:54:00,3999.01,4000.54,3998.74,4000.38,22308
2023-01-02 09:55:00,4000.38,4001.84,4000.29,4001.15,22642
2023-01-02 09:56:00,4001.15,4001.31,3999.9,4000.1,17038
2023-01-02 09:57:00,4000.1,4001.42,3997.73,3997.9,2511
2023-01-02 09:58:00,3997.9,3998.3,3997.31,3997.39,7314
2023-01-02 09:59:00,3997.39,3998.46,3996.69,3997.99,35677
2023-01-02 10:00:00,3997.99,3998.01,3995.09,3995.12,528
2023-01-02 10:01:00,3995.12,3999.05,3994.99,3998.81,2738
2023-01-02 10:02:00,3998.81,3999.39,3998.19,3998.76,2713
2023-01-02 10:03:00,3998.76,4000.29,3998.07,3999.89,10005
2023-01-02 10:04:00,3999.89,4001.86,3999.39,4000.77,416
2023-01-02 10:05:00,4000.77,4001.62,3999.48,3999.92,167
2023-01-02 10:06:00,3999.92,3999.95,3997.06,3997.59,11742
2023-01-02 10:07:00,3997.59,3998.61,3997.51,3998.3,1479
2023-01-02 10:08:00,3998.3,3998.46,3996.72,3997.13,16994
2023-01-02 10:09:00,3997.13,3997.81,3994.01,3995.28,2768
2023-01-02 10:10:00,3995.28,3996.06,3994.66,3995.67,12944
2023-01-02 10:11:00,3995.67,3995.98,3993.08,3993.69,878
2023-01-02 10:12:00,3993.69,3994.49,3992.76,3994.13,10554
2023-01-02 10:13:00,3994.13,3995.21,3993.65,3994.84,2708
2023-01-02 10:14:00,3994.84,3996.99,3994.36,3996.58,10718
2023-01-02 10:15:00,3996.58,3997.63,3996.5,3997.2,4584
2023-01-02 10:16:00,3997.2,3997.6,3995.82,3995.86,22260
2023-01-02 10:17:00,3995.86,3996.98,3995.59,3996.37,6984
2023-01-02 10:18:00,3996.37,3997.73,3995.66,3995.98,3295
2023-01-02 10:19:00,3995.98,3996.0,3994.62,3994.69,1949
2023-01-02 10:20:00,3994.69,3995.05,3994.12,3994.36,33137
2023-01-02 10:21:00,3994.36,3994.58,3993.86,3994.25,4862
2023-01-02 10:22:00,3994.25,3994.68,3993.47,3993.58,27512
2023-01-02 10:23:00,3993.58,3993.89,3990.83,3991.71,1022
2023-01-02 10:24:00,3991.71,3992.37,3991.53,3991.8,11940
2023-01-02 10:25:00,3991.8,3993.12,3991.1,3992.64,3475
2023-01-02 10:26:00,3992.64,3993.67,3992.38,3993.41,16009
2023-01-02 10:27:00,3993.41,3999.85,3992.92,3999.19,15886
2023-01-02 10:28:00,3999.19,3999.57,3998.33,3998.72,8634
2023-01-02 10:29:00,3998.72,3998.74,3998.09,3998.36,7822
2023-01-02 10:30:00,3998.36,4000.2,3998.12,3999.39,1358
2023-01-02 10:31:00,3999.39,4001.8,3999.33,4001.02,2431
2023-01-02 10:32:00,4001.02,4001.13,3999.9,3999.93,7779
2023-01-02 10:33:00,3999.93,4000.61,3998.54,3998.95,37235
2023-01-02 10:34:00,3998.95,3999.04,3995.58,3995.91,5779
2023-01-02 10:35:00,3995.91,3997.58,3995.08,3997.19,1903
2023-01-02 10:36:00,3997.19,3997.52,3995.6,3996.48,10793
2023-01-02 10:37:00,3996.48,3997.27,3995.65,3997.09,9460
2023-01-02 10:38:00,3997.09,3997.33,3994.17,3994.81,144
2023-01-02 10:39:00,3994.81,3994.93,3992.81,3993.75,1029
2023-01-02 10:40:00,3993.75,3994.26,3988.76,3988.88,5083
2023-01-02 10:41:00,3988.88,3989.66,3986.35,3987.01,463
2023-01-02 10:42:00,3987.01,3989.89,3986.43,3989.17,10749
2023-01-02 10:43:00,3989.17,3989.29,3989.14,3989.19,8813
2023-01-02 10:44:00,3989.19,3989.69,3988.4,3989.36,6129
2023-01-02 10:45:00,3989.36,3989.7,3987.47,3987.5,4879
2023-01-02 10:46:00,3987.5,3988.24,3987.4,3987.92,18635
2023-01-02 10:47:00,3987.92,3988.24,3987.01,3987.18,11931
2023-01-02 10:48:00,3987.18,3988.69,3986.78,3988.53,3313
2023-01-02 10:49:00,3988.53,3989.75,3988.18,3989.48,16442
2023-01-02 10:50:00,3989.48,3989.54,3988.81,3989.45,4167
2023-01-02 10:51:00,3989.45,3990.22,3988.34,3988.56,14046
2023-01-02 10:52:00,3988.56,3990.53,3988.22,3990.52,4929
2023-01-02 10:53:00,3990.52,3990.65,3989.75,3990.05,29969
2023-01-02 10:54:00,3990.05,3990.5,3989.64,3990.2,3470
2023-01-02 10:55:00,3990.2,3993.94,3989.6,3993.34,13958
2023-01-02 10:56:00,3993.34,3994.59,3993.33,3994.27,592
2023-01-02 10:57:00,3994.27,3995.32,3992.04,3992.93,21866
2023-01-02 10:58:00,3992.93,3993.09,3991.48,3991.69,9629
2023-01-02 10:59:00,3991.69,3991.91,3990.74,3990.84,17251
2023-01-02 11:00:00,3990.84,3990.96,3989.41,3990.14,16755
2023-01-02 11:01:00,3990.14,3990.47,3987.35,3988.03,871
2023-01-02 11:02:00,3988.03,3989.23,3987.6,3988.49,1178
2023-01-02 11:03:00,3988.49,3988.64,3988.25,3988.25,6323
2023-01-02 11:04:00,3988.25,3989.15,3987.99,3988.74,32747
2023-01-02 11:05:00,3988.74,3991.76,3988.31,3991.04,20295
2023-01-02 11:06:00,3991.04,3991.38,3990.99,3991.37,34835
2023-01-02 11:07:00,3991.37,3992.51,3990.01,3990.21,11899
2023-01-02 11:08:00,3990.21,3993.83,3989.78,3993.44,465
2023-01-02 11:09:00,3993.44,3993.77,3992.95,3993.72,9679
2023-01-02 11:10:00,3993.72,3994.02,3991.4,3992.46,8762
2023-01-02 11:11:00,3992.46,3993.41,3991.49,3991.67,16809
2023-01-02 11:12:00,3991.67,3991.91,3989.66,3990.32,26990
2023-01-02 11:13:00,3990.32,3993.1,3990.18,3993.07,16636
2023-01-02 11:14:00,3993.07,3993.75,3990.44,3990.5,5358
2023-01-02 11:15:00,3990.5,3992.41,3990.47,3992.36,20004
2023-01-02 11:16:00,3992.36,3992.39,3992.13,3992.36,5988
2023-01-02 11:17:00,3992.36,3993.98,3992.1,3993.3,11138
2023-01-02 11:18:00,3993.3,3993.94,3990.83,3991.0,7346
2023-01-02 11:19:00,3991.0,3991.05,3989.1,3989.87,19117
2023-01-02 11:20:00,3989.87,3993.84,3989.75,3992.96,1438
2023-01-02 11:21:00,3992.96,3995.17,3992.53,3994.42,2394
2023-01-02 11:22:00,3994.42,3996.89,3993.83,3996.01,23450
2023-01-02 11:23:00,3996.01,3996.11,3991.87,3992.95,15308
2023-01-02 11:24:00,3992.95,3996.08,3992.1,3995.39,6145
2023-01-02 11:25:00,3995.39,3995.4,3995.11,3995.31,3986
2023-01-02 11:26:00,3995.31,3995.65,3993.17,3993.35,2007
2023-01-02 11:27:00,3993.35,3993.73,3991.8,3991.94,6423
2023-01-02 11:28:00,3991.94,3992.2,3990.2,3990.47,1948
2023-01-02 11:29:00,3990.47,3991.18,3989.18,3989.28,4529
2023-01-02 11:30:00,3989.28,3992.24,3988.93,3992.22,20681
2023-01-02 13:00:00,3992.22,3992.97,3991.91,3992.54,13793
2023-01-02 13:01:00,3992.54,3992.83,3991.61,3991.75,9630
2023-01-02 13:02:00,3991.75,3992.06,3987.2,3988.3,13762
2023-01-02 13:03:00,3988.3,3989.32,3986.76,3989.16,1133
2023-01-02 13:04:00,3989.16,3991.6,3987.93,3990.84,2776
2023-01-02 13:05:00,3990.84,3991.55,3989.38,3989.7,1275
2023-01-02 13:06:00,3989.7,3989.81,3987.63,3988.08,11366
2023-01-02 13:07:00,3988.08,3988.82,3988.03,3988.07,8839
2023-01-02 13:08:00,3988.07,3988.29,3985.99,3986.78,1364
2023-01-02 13:09:00,3986.78,3987.47,3985.0,3985.47,4402
2023-01-02 13:10:00,3985.47,3988.34,3985.4,3988.33,2707
2023-01-02 13:11:00,3988.33,3988.57,3987.06,3987.35,1904
2023-01-02 13:12:00,3987.35,3988.6,3985.72,3986.06,40386
2023-01-02 13:13:00,3986.06,3986.51,3985.41,3985.7,1873
2023-01-02 13:14:00,3985.7,3987.1,3985.6,3986.83,8136
2023-01-02 13:15:00,3986.83,3987.1,3984.0,3984.33,3910
2023-01-02 13:16:00,3984.33,3985.32,3982.96,3985.18,2776
2023-01-02 13:17:00,3985.18,3986.03,3984.86,3985.57,1676
2023-01-02 13:18:00,3985.57,3986.97,3982.28,3983.08,532
2023-01-02 13:19:00,3983.08,3983.27,3981.29,3981.79,2938
2023-01-02 13:20:00,3981.79,3982.34,3980.54,3980.93,9054
2023-01-02 13:21:00,3980.93,3981.32,3976.93,3977.22,17756
2023-01-02 13:22:00,3977.22,3977.3,3976.87,3976.91,1999
2023-01-02 13:23:00,3976.91,3977.12,3976.33,3977.04,1505
2023-01-02 13:24:00,3977.04,3977.72,3976.75,3977.42,1787
2023-01-02 13:25:00,3977.42,3978.23,3977.28,3978.02,4444
2023-01-02 13:26:00,3978.02,3981.26,3977.54,3981.13,16960
2023-01-02 13:27:00,3981.13,3981.63,3977.14,3978.07,13767
2023-01-02 13:28:00,3978.07,3978.86,3977.54,3977.55,22983
2023-01-02 13:29:00,3977.55,3979.89,3977.43,3978.79,1243
2023-01-02 13:30:00,3978.79,3980.03,3978.5,3979.95,4078
2023-01-02 13:31:00,3979.95,3980.66,3979.63,3980.45,22433
2023-01-02 13:32:00,3980.45,3984.1,3980.25,3983.86,3735
2023-01-02 13:33:00,3983.86,3985.53,3983.82,3985.1,14374
2023-01-02 13:34:00,3985.1,3985.28,3983.97,3984.39,17218
2023-01-02 13:35:00,3984.39,3984.88,3983.76,3983.98,2603
2023-01-02 13:36:00,3983.98,3985.03,3983.5,3984.55,10248
2023-01-02 13:37:00,3984.55,3986.11,3984.16,3985.17,2004
2023-01-02 13:38:00,3985.17,3985.25,3982.88,3983.3,5122
2023-01-02 13:39:00,3983.3,3984.31,3983.16,3984.28,7049
2023-01-02 13:40:00,3984.28,3984.39,3982.57,3982.6,20566
2023-01-02 13:41:00,3982.6,3983.12,3982.36,3982.76,12283
2023-01-02 13:42:00,3982.76,3983.22,3982.19,3983.1,9332
2023-01-02 13:43:00,3983.1,3985.74,3982.6,3985.49,41891
2023-01-02 13:44:00,3985.49,3986.75,3985.03,3985.3,5091
2023-01-02 13:45:00,3985.3,3985.51,3984.55,3985.06,7708
2023-01-02 13:46:00,3985.06,3985.17,3982.26,3982.58,4261
2023-01-02 13:47:00,3982.58,3983.41,3981.94,3982.07,1518
2023-01-02 13:48:00,3982.07,3982.08,3979.16,3979.82,5428
2023-01-02 13:49:00,3979.82,3980.17,3978.55,3979.47,131
2023-01-02 13:50:00,3979.47,3981.67,3979.21,3981.16,32459
2023-01-02 13:51:00,3981.16,3981.72,3979.47,3980.76,694
2023-01-02 13:52:00,3980.76,3981.24,3980.42,3980.85,22833
2023-01-02 13:53:00,3980.85,3981.12,3979.97,3979.99,8320
2023-01-02 13:54:00,3979.99,3980.68,3977.84,3979.17,5811
2023-01-02 13:55:00,3979.17,3982.08,3979.0,3981.04,19789
2023-01-02 13:56:00,3981.04,3981.12,3980.22,3980.48,3157
2023-01-02 13:57:00,3980.48,3981.36,3978.35,3978.82,274
2023-01-02 13:58:00,3978.82,3981.08,3978.45,3980.73,11144
2023-01-02 13:59:00,3980.73,3980.97,3979.33,3979.94,1047
2023-01-02 14:00:00,3979.94,3981.42,3979.47,3981.01,19358
2023-01-02 14:01:00,3981.01,3981.59,3979.93,3980.47,3469
2023-01-02 14:02:00,3980.47,3982.23,3979.58,3981.39,22318
2023-01-02 14:03:00,3981.39,3981.92,3980.25,3980.61,8923
2023-01-02 14:04:00,3980.61,3980.99,3977.79,3978.49,5266
2023-01-02 14:05:00,3978.49,3979.34,3975.27,3975.37,14422
2023-01-02 14:06:00,3975.37,3975.86,3975.21,3975.23,16087
2023-01-02 14:07:00,3975.23,3975.25,3974.53,3974.68,10036
2023-01-02 14:08:00,3974.68,3974.99,3971.91,3972.12,18013
2023-01-02 14:09:00,3972.12,3972.32,3971.85,3972.14,185
2023-01-02 14:10:00,3972.14,3972.96,3970.7,3970.98,8078
2023-01-02 14:11:00,3970.98,3972.76,3970.85,3972.52,9175
2023-01-02 14:12:00,3972.52,3974.5,3972.26,3973.99,24582
2023-01-02 14:13:00,3973.99,3974.63,3970.92,3971.23,1818
2023-01-02 14:14:00,3971.23,3971.45,3971.13,3971.27,9242
2023-01-02 14:15:00,3971.27,3971.97,3969.89,3970.35,12695
2023-01-02 14:16:00,3970.35,3970.64,3967.45,3968.33,6463
2023-01-02 14:17:00,3968.33,3969.16,3967.9,3969.07,316
2023-01-02 14:18:00,3969.07,3970.42,3968.31,3970.12,527
2023-01-02 14:19:00,3970.12,3974.01,3969.54,3973.96,1127
2023-01-02 14:20:00,3973.96,3974.05,3972.74,3972.9,6841
2023-01-02 14:21:00,3972.9,3973.81,3971.61,3971.96,16065
2023-01-02 14:22:00,3971.96,3972.51,3970.65,3971.12,8921
2023-01-02 14:23:00,3971.12,3971.24,3969.99,3970.03,2047
2023-01-02 14:24:00,3970.03,3971.49,3969.97,3970.96,13176
2023-01-02 14:25:00,3970.96,3972.34,3970.54,3971.8,2872
2023-01-02 14:26:00,3971.8,3973.25,3971.77,3972.49,43955
2023-01-02 14:27:00,3972.49,3973.24,3972.35,3973.13,24708
2023-01-02 14:28:00,3973.13,3973.35,3971.11,3971.22,35424
2023-01-02 14:29:00,3971.22,3971.56,3971.14,3971.16,3843
2023-01-02 14:30:00,3971.16,3971.9,3970.91,3971.2,1284
2023-01-02 14:31:00,3971.2,3971.77,3970.57,3971.53,675
2023-01-02 14:32:00,3971.53,3971.74,3969.23,3970.19,15640
2023-01-02 14:33:00,3970.19,3972.48,3970.06,3971.74,2652
2023-01-02 14:34:00,3971.74,3973.43,3971.72,3973.08,16033
2023-01-02 14:35:00,3973.08,3973.78,3971.15,3972.3,20689
2023-01-02 14:36:00,3972.3,3973.14,3970.88,3971.76,13378
2023-01-02 14:37:00,3971.76,3971.9,3970.45,3971.12,3514
2023-01-02 14:38:00,3971.12,3972.09,3969.14,3969.75,11383
2023-01-02 14:39:00,3969.75,3971.33,3969.72,3971.22,9503
2023-01-02 14:40:00,3971.22,3972.82,3970.41,3972.24,7188
2023-01-02 14:41:00,3972.24,3972.5,3970.97,3971.28,15122
2023-01-02 14:42:00,3971.28,3971.53,3970.36,3970.45,34770
2023-01-02 14:43:00,3970.45,3972.86,3970.03,3972.58,16919
2023-01-02 14:44:00,3972.58,3973.64,3972.22,3973.28,7699
2023-01-02 14:45:00,3973.28,3976.5,3972.98,3975.6,21959
2023-01-02 14:46:00,3975.6,3975.88,3974.48,3975.02,8004
2023-01-02 14:47:00,3975.02,3975.42,3974.07,3974.76,12852
2023-01-02 14:48:00,3974.76,3975.18,3973.66,3973.66,2486
2023-01-02 14:49:00,3973.66,3973.77,3972.88,3972.89,6550
2023-01-02 14:50:00,3972.89,3975.27,3972.71,3974.67,4274
2023-01-02 14:51:00,3974.67,3976.61,3974.38,3975.69,15966
2023-01-02 14:52:00,3975.69,3976.16,3974.94,3975.15,20196
2023-01-02 14:53:00,3975.15,3976.64,3974.62,3976.38,9639
2023-01-02 14:54:00,3976.38,3978.46,3976.14,3978.14,21275
2023-01-02 14:55:00,3978.14,3978.21,3977.28,3977.89,1752
2023-01-02 14:56:00,3977.89,3978.09,3976.46,3976.66,7081
2023-01-02 14:57:00,3976.66,3976.97,3975.98,3976.95,10051
2023-01-02 14:58:00,3976.95,3978.81,3976.84,3978.07,1131
2023-01-02 14:59:00,3978.07,3979.23,3978.02,3978.44,10013
2023-01-02 15:00:00,3978.44,3978.95,3978.24,3978.86,702
2023-01-03 09:30:00,3978.86,3980.98,3978.79,3980.47,4244
2023-01-03 09:31:00,3980.47,3980.71,3979.36,3979.42,20521
2023-01-03 09:32:00,3979.42,3979.61,3977.8,3978.58,11497
2023-01-03 09:33:00,3978.58,3979.43,3978.28,3978.48,58515
2023-01-03 09:34:00,3978.48,3979.58,3976.09,3976.31,11831
2023-01-03 09:35:00,3976.31,3976.87,3974.9,3975.56,3191
2023-01-03 09:36:00,3975.56,3976.58,3974.63,3976.53,5068
2023-01-03 09:37:00,3976.53,3976.98,3974.82,3974.93,2613
2023-01-03 09:38:00,3974.93,3975.65,3973.01,3973.05,34480
2023-01-03 09:39:00,3973.05,3974.86,3972.93,3974.73,14987
2023-01-03 09:40:00,3974.73,3975.8,3974.4,3975.58,1406
2023-01-03 09:41:00,3975.58,3978.2,3975.33,3977.57,6568
2023-01-03 09:42:00,3977.57,3978.47,3976.54,3976.56,663
2023-01-03 09:43:00,3976.56,3977.36,3974.13,3974.41,15973
2023-01-03 09:44:00,3974.41,3975.36,3973.52,3973.74,9163
2023-01-03 09:45:00,3973.74,3974.26,3969.56,3970.11,19669
2023-01-03 09:46:00,3970.11,3970.13,3968.66,3968.66,9627
2023-01-03 09:47:00,3968.66,3968.92,3966.03,3966.92,98
2023-01-03 09:48:00,3966.92,3968.25,3966.8,3967.23,337
2023-01-03 09:49:00,3967.23,3967.32,3965.84,3966.21,1423
2023-01-03 09:50:00,3966.21,3969.23,3965.92,3968.91,1833
2023-01-03 09:51:00,3968.91,3969.9,3968.51,3969.77,12257
2023-01-03 09:52:00,3969.77,3970.18,3969.42,3969.85,12520
2023-01-03 09:53:00,3969.85,3970.73,3969.31,3970.44,16864
2023-01-03 09:54:00,3970.44,3972.52,3969.41,3972.42,7473
2023-01-03 09:55:00,3972.42,3972.61,3971.28,3971.39,622
2023-01-03 09:56:00,3971.39,3971.63,3970.25,3970.41,37241
2023-01-03 09:57:00,3970.41,3971.56,3970.15,3971.05,15592
2023-01-03 09:58:00,3971.05,3972.12,3970.15,3971.01,2593
2023-01-03 09:59:00,3971.01,3972.23,3970.73,3971.66,11401
2023-01-03 10:00:00,3971.66,3972.5,3971.08,3971.28,13575
2023-01-03 10:01:00,3971.28,3973.18,3970.83,3972.25,4636
2023-01-03 10:02:00,3972.25,3973.11,3971.41,3972.59,6668
2023-01-03 10:03:00,3972.59,3973.4,3971.61,3971.9,8973
2023-01-03 10:04:00,3971.9,3974.8,3971.58,3974.11,12581
2023-01-03 10:05:00,3974.11,3974.87,3973.97,3974.71,6778
2023-01-03 10:06:00,3974.71,3975.71,3974.32,3975.52,4450
2023-01-03 10:07:00,3975.52,3976.1,3971.09,3971.25,4960
2023-01-03 10:08:00,3971.25,3971.83,3969.07,3969.31,35006
2023-01-03 10:09:00,3969.31,3970.6,3969.17,3969.83,763
2023-01-03 10:10:00,3969.83,3970.58,3969.33,3969.94,5636
2023-01-03 10:11:00,3969.94,3970.27,3968.5,3969.2,12268
2023-01-03 10:12:00,3969.2,3969.38,3968.52,3968.68,18589
2023-01-03 10:13:00,3968.68,3971.97,3968.03,3971.79,20270
2023-01-03 10:14:00,3971.79,3971.89,3971.37,3971.4,7575
2023-01-03 10:15:00,3971.4,3971.47,3970.83,3971.35,27162
2023-01-03 10:16:00,3971.35,3972.47,3970.89,3971.47,6064
2023-01-03 10:17:00,3971.47,3973.04,3970.0,3971.99,10992
2023-01-03 10:18:00,3971.99,3974.17,3971.68,3973.65,35036
2023-01-03 10:19:00,3973.65,3973.79,3971.74,3972.07,5865
2023-01-03 10:20:00,3972.07,3972.18,3971.35,3971.78,28934
2023-01-03 10:21:00,3971.78,3972.54,3970.78,3972.53,9619
2023-01-03 10:22:00,3972.53,3973.35,3971.97,3972.83,2429
2023-01-03 10:23:00,3972.83,3975.15,3972.01,3974.61,10533
2023-01-03 10:24:00,3974.61,3975.44,3974.58,3975.06,20460
2023-01-03 10:25:00,3975.06,3975.73,3974.34,3975.56,13411
2023-01-03 10:26:00,3975.56,3976.04,3974.59,3975.19,16494
2023-01-03 10:27:00,3975.19,3975.55,3973.03,3973.35,5719
2023-01-03 10:28:00,3973.35,3973.41,3973.04,3973.12,3924
2023-01-03 10:29:00,3973.12,3973.78,3972.3,3973.15,11889
2023-01-03 10:30:00,3973.15,3974.22,3971.34,3971.66,2578
2023-01-03 10:31:00,3971.66,3971.74,3969.32,3969.67,11032
2023-01-03 10:32:00,3969.67,3970.8,3968.15,3968.64,7320
2023-01-03 10:33:00,3968.64,3968.87,3968.14,3968.15,4174
2023-01-03 10:34:00,3968.15,3968.98,3965.56,3966.07,9362
2023-01-03 10:35:00,3966.07,3970.07,3965.78,3969.73,12662
2023-01-03 10:36:00,3969.73,3971.01,3969.68,3970.87,621
2023-01-03 10:37:00,3970.87,3970.96,3970.5,3970.77,1069
2023-01-03 10:38:00,3970.77,3970.82,3967.74,3968.23,16246
2023-01-03 10:39:00,3968.23,3969.19,3966.38,3966.58,9424
2023-01-03 10:40:00,3966.58,3967.05,3964.6,3965.1,1998
2023-01-03 10:41:00,3965.1,3965.58,3964.48,3964.76,7447
2023-01-03 10:42:00,3964.76,3964.92,3963.06,3963.86,32948
2023-01-03 10:43:00,3963.86,3965.22,3963.82,3964.52,7990
2023-01-03 10:44:00,3964.52,3964.92,3964.46,3964.7,17103
2023-01-03 10:45:00,3964.7,3965.66,3964.5,3965.52,2383
2023-01-03 10:46:00,3965.52,3966.39,3962.79,3963.42,15165
2023-01-03 10:47:00,3963.42,3963.82,3962.1,3962.38,5511
2023-01-03 10:48:00,3962.38,3962.52,3960.95,3961.37,8833
2023-01-03 10:49:00,3961.37,3964.85,3961.0,3964.58,19862
2023-01-03 10:50:00,3964.58,3964.65,3964.28,3964.31,9341
2023-01-03 10:51:00,3964.31,3965.07,3963.95,3964.09,4957
2023-01-03 10:52:00,3964.09,3965.38,3963.55,3963.95,5589
2023-01-03 10:53:00,3963.95,3966.9,3963.4,3966.41,47393
2023-01-03 10:54:00,3966.41,3968.08,3966.22,3967.27,895
2023-01-03 10:55:00,3967.27,3967.82,3966.6,3966.96,4384
2023-01-03 10:56:00,3966.96,3967.4,3966.84,3967.01,21209
2023-01-03 10:57:00,3967.01,3967.24,3963.62,3964.68,3920
2023-01-03 10:58:00,3964.68,3967.12,3963.84,3966.52,6258
2023-01-03 10:59:00,3966.52,3967.2,3966.18,3967.15,31612
2023-01-03 11:00:00,3967.15,3968.42,3967.06,3967.96,1016
2023-01-03 11:01:00,3967.96,3968.75,3965.68,3965.83,4270
2023-01-03 11:02:00,3965.83,3967.78,3965.29,3967.47,48906
2023-01-03 11:03:00,3967.47,3967.51,3966.61,3967.0,18453
2023-01-03 11:04:00,3967.0,3970.67,3966.9,3970.48,1366
2023-01-03 11:05:00,3970.48,3970.73,3969.72,3970.01,12335
2023-01-03 11:06:00,3970.01,3970.68,3967.92,3968.83,5058
2023-01-03 11:07:00,3968.83,3970.67,3968.27,3969.6,7250
2023-01-03 11:08:00,3969.6,3970.01,3969.55,3969.59,4790
2023-01-03 11:09:00,3969.59,3969.87,3969.14,3969.44,3633
2023-01-03 11:10:00,3969.44,3969.82,3968.91,3969.18,4248
2023-01-03 11:11:00,3969.18,3969.2,3967.74,3967.83,17286
2023-01-03 11:12:00,3967.83,3968.24,3967.1,3967.79,1921
2023-01-03 11:13:00,3967.79,3969.89,3967.76,3968.63,1582
2023-01-03 11:14:00,3968.63,3968.72,3967.68,3967.71,33761
2023-01-03 11:15:00,3967.71,3969.41,3967.39,3968.51,7055
2023-01-03 11:16:00,3968.51,3968.58,3966.49,3967.1,9665
2023-01-03 11:17:00,3967.1,3968.48,3966.89,3968.0,633
2023-01-03 11:18:00,3968.0,3968.74,3967.6,3967.68,41152
2023-01-03 11:19:00,3967.68,3967.96,3966.97,3967.17,1294
2023-01-03 11:20:00,3967.17,3967.32,3966.06,3966.25,7121
2023-01-03 11:21:00,3966.25,3967.27,3965.8,3966.51,9778
2023-01-03 11:22:00,3966.51,3966.97,3961.99,3962.68,4584
2023-01-03 11:23:00,3962.68,3963.28,3962.18,3962.34,13228
2023-01-03 11:24:00,3962.34,3963.64,3961.2,3961.48,7663
2023-01-03 11:25:00,3961.48,3962.56,3961.46,3962.06,7939
2023-01-03 11:26:00,3962.06,3963.94,3962.05,3963.86,1625
2023-01-03 11:27:00,3963.86,3964.44,3962.03,3962.46,6462
2023-01-03 11:28:00,3962.46,3963.26,3959.66,3960.4,22264
2023-01-03 11:29:00,3960.4,3960.97,3959.53,3960.09,5755
2023-01-03 11:30:00,3960.09,3961.35,3959.01,3961.1,10769
2023-01-03 13:00:00,3961.1,3961.24,3959.79,3960.19,9517
2023-01-03 13:01:00,3960.19,3960.62,3959.96,3960.24,7178
2023-01-03 13:02:00,3960.24,3960.36,3959.18,3959.23,886
2023-01-03 13:03:00,3959.23,3959.32,3958.0,3958.68,4303
2023-01-03 13:04:00,3958.68,3959.02,3956.64,3957.22,2048
2023-01-03 13:05:00,3957.22,3959.36,3956.72,3959.0,9799
2023-01-03 13:06:00,3959.0,3959.63,3957.61,3957.86,1294
2023-01-03 13:07:00,3957.86,3960.13,3957.64,3959.86,428
2023-01-03 13:08:00,3959.86,3963.83,3958.96,3963.1,13786
2023-01-03 13:09:00,3963.1,3964.45,3962.92,3963.91,26322
2023-01-03 13:10:00,3963.91,3964.21,3962.01,3962.65,5657
2023-01-03 13:11:00,3962.65,3966.29,3962.54,3965.74,21797
2023-01-03 13:12:00,3965.74,3966.41,3964.86,3965.32,16925
2023-01-03 13:13:00,3965.32,3965.46,3964.95,3965.07,18451
2023-01-03 13:14:00,3965.07,3967.93,3964.7,3967.48,10675
2023-01-03 13:15:00,3967.48,3968.4,3967.28,3967.75,17025
2023-01-03 13:16:00,3967.75,3967.77,3966.03,3966.78,18369
2023-01-03 13:17:00,3966.78,3968.09,3966.66,3967.24,3531
2023-01-03 13:18:00,3967.24,3972.05,3966.93,3971.14,20661
2023-01-03 13:19:00,3971.14,3973.41,3971.07,3973.08,93
2023-01-03 13:20:00,3973.08,3973.49,3970.78,3971.24,48048
2023-01-03 13:21:00,3971.24,3971.67,3970.64,3970.93,8098
2023-01-03 13:22:00,3970.93,3972.17,3970.2,3971.81,2082
2023-01-03 13:23:00,3971.81,3973.91,3971.74,3973.6,14312
2023-01-03 13:24:00,3973.6,3974.35,3973.05,3973.63,1612
2023-01-03 13:25:00,3973.63,3974.9,3972.76,3974.71,21732
2023-01-03 13:26:00,3974.71,3975.56,3973.38,3974.11,5320
2023-01-03 13:27:00,3974.11,3974.74,3971.55,3971.82,10281
2023-01-03 13:28:00,3971.82,3975.72,3971.48,3975.66,8243
2023-01-03 13:29:00,3975.66,3979.36,3975.15,3978.75,3144
2023-01-03 13:30:00,3978.75,3979.64,3978.1,3979.64,801
2023-01-03 13:31:00,3979.64,3979.87,3979.04,3979.38,15540
2023-01-03 13:32:00,3979.38,3982.2,3978.98,3980.82,1595
2023-01-03 13:33:00,3980.82,3981.75,3979.7,3979.74,9118
2023-01-03 13:34:00,3979.74,3979.84,3979.27,3979.56,5468
2023-01-03 13:35:00,3979.56,3981.68,3979.45,3981.39,18313
2023-01-03 13:36:00,3981.39,3981.99,3978.98,3979.95,8861
2023-01-03 13:37:00,3979.95,3980.51,3979.15,3979.22,3548
2023-01-03 13:38:00,3979.22,3979.74,3976.47,3976.57,18447
2023-01-03 13:39:00,3976.57,3977.6,3975.98,3977.34,1432
2023-01-03 13:40:00,3977.34,3977.44,3972.84,3973.03,6860
2023-01-03 13:41:00,3973.03,3975.75,3972.73,3975.52,9421
2023-01-03 13:42:00,3975.52,3976.42,3975.23,3976.22,10698
2023-01-03 13:43:00,3976.22,3976.33,3975.63,3976.07,23671
2023-01-03 13:44:00,3976.07,3976.49,3974.37,3974.83,14246
2023-01-03 13:45:00,3974.83,3977.21,3974.82,3977.07,341
2023-01-03 13:46:00,3977.07,3977.12,3975.39,3975.95,5294
2023-01-03 13:47:00,3975.95,3977.2,3975.92,3977.06,27618
2023-01-03 13:48:00,3977.06,3977.89,3976.75,3977.83,3013
2023-01-03 13:49:00,3977.83,3979.65,3977.68,3979.02,6234
2023-01-03 13:50:00,3979.02,3979.06,3976.81,3976.99,4300
2023-01-03 13:51:00,3976.99,3977.39,3975.78,3975.88,7410
2023-01-03 13:52:00,3975.88,3977.76,3975.81,3977.61,12304
2023-01-03 13:53:00,3977.61,3977.65,3975.83,3976.37,1812
2023-01-03 13:54:00,3976.37,3976.59,3970.98,3971.98,5306
2023-01-03 13:55:00,3971.98,3973.94,3971.97,3972.91,16419
2023-01-03 13:56:00,3972.91,3973.24,3971.79,3971.82,15430
2023-01-03 13:57:00,3971.82,3972.22,3970.61,3970.85,14136
2023-01-03 13:58:00,3970.85,3971.58,3969.37,3969.42,21023
2023-01-03 13:59:00,3969.42,3970.2,3968.54,3968.98,7737
2023-01-03 14:00:00,3968.98,3969.47,3968.87,3968.87,10693
2023-01-03 14:01:00,3968.87,3969.44,3968.17,3968.23,3384
2023-01-03 14:02:00,3968.23,3968.41,3965.39,3966.07,10067
2023-01-03 14:03:00,3966.07,3966.71,3965.37,3965.4,1719
2023-01-03 14:04:00,3965.4,3967.17,3965.07,3966.68,3809
2023-01-03 14:05:00,3966.68,3966.88,3965.7,3966.18,5803
2023-01-03 14:06:00,3966.18,3967.18,3966.08,3966.81,21406
2023-01-03 14:07:00,3966.81,3967.55,3966.77,3966.85,41420
2023-01-03 14:08:00,3966.85,3968.1,3966.13,3967.53,1814
2023-01-03 14:09:00,3967.53,3968.02,3966.65,3967.25,12706
2023-01-03 14:10:00,3967.25,3971.53,3966.95,3971.13,19531
2023-01-03 14:11:00,3971.13,3972.04,3970.63,3971.38,6370
2023-01-03 14:12:00,3971.38,3973.18,3970.73,3973.09,4428
2023-01-03 14:13:00,3973.09,3975.05,3972.59,3975.04,12448
2023-01-03 14:14:00,3975.04,3975.32,3974.08,3974.28,4276
2023-01-03 14:15:00,3974.28,3976.87,3973.67,3976.7,4344
2023-01-03 14:16:00,3976.7,3979.04,3976.09,3978.99,38682
2023-01-03 14:17:00,3978.99,3979.15,3977.04,3977.63,11594
2023-01-03 14:18:00,3977.63,3979.61,3977.37,3979.41,18142
2023-01-03 14:19:00,3979.41,3981.39,3979.35,3980.72,3642
2023-01-03 14:20:00,3980.72,3984.14,3980.06,3983.63,27855
2023-01-03 14:21:00,3983.63,3984.4,3983.31,3984.15,3014
2023-01-03 14:22:00,3984.15,3985.95,3983.83,3985.82,8219
2023-01-03 14:23:00,3985.82,3986.31,3985.07,3985.62,7910
2023-01-03 14:24:00,3985.62,3985.75,3985.41,3985.44,1173
2023-01-03 14:25:00,3985.44,3985.48,3984.47,3984.64,3285
2023-01-03 14:26:00,3984.64,3985.14,3984.26,3984.92,24165
2023-01-03 14:27:00,3984.92,3986.34,3984.45,3986.03,17684
2023-01-03 14:28:00,3986.03,3987.99,3985.84,3987.66,1194
2023-01-03 14:29:00,3987.66,3989.13,3987.55,3988.21,124
2023-01-03 14:30:00,3988.21,3989.15,3987.54,3987.69,9121
2023-01-03 14:31:00,3987.69,3988.22,3985.63,3986.11,22284
2023-01-03 14:32:00,3986.11,3989.04,3985.78,3988.67,352
2023-01-03 14:33:00,3988.67,3989.36,3988.21,3988.78,985
2023-01-03 14:34:00,3988.78,3989.27,3988.46,3989.13,17677
2023-01-03 14:35:00,3989.13,3989.92,3987.78,3989.42,3811
2023-01-03 14:36:00,3989.42,3991.17,3989.24,3990.44,9211
2023-01-03 14:37:00,3990.44,3990.91,3989.42,3990.23,8957
2023-01-03 14:38:00,3990.23,3992.71,3989.84,3992.2,7181
2023-01-03 14:39:00,3992.2,3992.62,3990.75,3991.83,30064
2023-01-03 14:40:00,3991.83,3992.57,3991.26,3991.57,7057
2023-01-03 14:41:00,3991.57,3991.67,3990.26,3990.63,6395
2023-01-03 14:42:00,3990.63,3990.74,3987.62,3988.65,2182
2023-01-03 14:43:00,3988.65,3989.03,3986.36,3986.4,55
2023-01-03 14:44:00,3986.4,3986.94,3983.92,3984.21,8487
2023-01-03 14:45:00,3984.21,3984.27,3981.32,3981.4,911
2023-01-03 14:46:00,3981.4,3982.85,3981.26,3982.41,4234
2023-01-03 14:47:00,3982.41,3984.03,3981.45,3984.02,49360
2023-01-03 14:48:00,3984.02,3984.22,3983.6,3983.93,5018
2023-01-03 14:49:00,3983.93,3984.72,3981.09,3981.22,9362
2023-01-03 14:50:00,3981.22,3982.45,3980.95,3981.99,31024
2023-01-03 14:51:00,3981.99,3982.06,3980.46,3981.26,1215
2023-01-03 14:52:00,3981.26,3983.02,3980.16,3982.61,4605
2023-01-03 14:53:00,3982.61,3983.1,3982.22,3982.29,835
2023-01-03 14:54:00,3982.29,3982.66,3982.21,3982.41,11043
2023-01-03 14:55:00,3982.41,3983.11,3980.72,3980.77,10108
2023-01-03 14:56:00,3980.77,3980.9,3980.39,3980.8,20690
2023-01-03 14:57:00,3980.8,3980.98,3979.31,3979.88,117
2023-01-03 14:58:00,3979.88,3980.89,3979.56,3980.04,6655
2023-01-03 14:59:00,3980.04,3980.09,3979.14,3979.22,4203
2023-01-03 15:00:00,3979.22,3979.65,3977.03,3977.68,18682
2023-01-04 09:30:00,3977.68,3978.57,3976.11,3976.71,3657
2023-01-04 09:31:00,3976.71,3978.22,3975.99,3978.09,16013
2023-01-04 09:32:00,3978.09,3978.65,3978.02,3978.52,3839
2023-01-04 09:33:00,3978.52,3980.65,3977.93,3979.74,9189
2023-01-04 09:34:00,3979.74,3981.85,3979.19,3981.29,5630
2023-01-04 09:35:00,3981.29,3981.77,3980.45,3980.67,257
2023-01-04 09:36:00,3980.67,3983.33,3980.39,3982.63,5270
2023-01-04 09:37:00,3982.63,3983.19,3981.73,3982.32,9308
2023-01-04 09:38:00,3982.32,3982.62,3980.46,3980.47,11656
2023-01-04 09:39:00,3980.47,3980.91,3979.9,3980.89,279
2023-01-04 09:40:00,3980.89,3981.71,3980.67,3981.71,314
2023-01-04 09:41:00,3981.71,3982.26,3981.36,3981.54,236
2023-01-04 09:42:00,3981.54,3982.34,3980.88,3981.16,1234
2023-01-04 09:43:00,3981.16,3981.2,3980.6,3980.71,21928
2023-01-04 09:44:00,3980.71,3982.66,3980.66,3982.47,4869
2023-01-04 09:45:00,3982.47,3983.41,3981.45,3983.14,1674
2023-01-04 09:46:00,3983.14,3986.86,3982.83,3985.74,5806
2023-01-04 09:47:00,3985.74,3987.03,3985.31,3986.49,2164
2023-01-04 09:48:00,3986.49,3986.73,3985.25,3986.24,8686
2023-01-04 09:49:00,3986.24,3987.45,3985.69,3987.36,9841
2023-01-04 09:50:00,3987.36,3987.51,3983.02,3983.57,9693
2023-01-04 09:51:00,3983.57,3986.73,3982.93,3986.51,402
2023-01-04 09:52:00,3986.51,3991.22,3986.38,3990.47,7622
2023-01-04 09:53:00,3990.47,3991.36,3990.33,3991.17,15809
2023-01-04 09:54:00,3991.17,3992.29,3990.99,3992.11,6605
2023-01-04 09:55:00,3992.11,3992.23,3991.54,3992.06,4705
2023-01-04 09:56:00,3992.06,3992.39,3990.41,3990.7,7159
2023-01-04 09:57:00,3990.7,3994.12,3990.57,3992.77,20067
2023-01-04 09:58:00,3992.77,3992.91,3992.42,3992.68,8522
2023-01-04 09:59:00,3992.68,3994.23,3992.58,3993.65,22357
2023-01-04 10:00:00,3993.65,3996.01,3993.32,3994.54,193
2023-01-04 10:01:00,3994.54,3995.81,3994.42,3994.83,12826
2023-01-04 10:02:00,3994.83,3995.04,3993.19,3993.67,16318
2023-01-04 10:03:00,3993.67,3994.12,3991.26,3991.61,31570
2023-01-04 10:04:00,3991.61,3993.29,3991.24,3993.03,13489
2023-01-04 10:05:00,3993.03,3994.02,3992.74,3993.81,14650
2023-01-04 10:06:00,3993.81,3995.95,3993.63,3995.59,927
2023-01-04 10:07:00,3995.59,3997.61,3995.58,3997.2,5234
2023-01-04 10:08:00,3997.2,3997.27,3995.79,3996.18,16514
2023-01-04 10:09:00,3996.18,3996.2,3995.42,3995.72,3560
2023-01-04 10:10:00,3995.72,3996.13,3995.39,3995.72,515
2023-01-04 10:11:00,3995.72,3997.21,3995.37,3997.13,3499
2023-01-04 10:12:00,3997.13,3997.6,3995.56,3995.98,3878
2023-01-04 10:13:00,3995.98,3996.75,3995.62,3995.69,10229
2023-01-04 10:14:00,3995.69,3995.92,3995.01,3995.78,1311
2023-01-04 10:15:00,3995.78,3995.78,3993.31,3993.81,5966
2023-01-04 10:16:00,3993.81,3997.13,3993.71,3996.51,2769
2023-01-04 10:17:00,3996.51,3996.94,3995.5,3995.78,16294
2023-01-04 10:18:00,3995.78,3998.75,3995.58,3997.37,3166
2023-01-04 10:19:00,3997.37,3998.28,3996.59,3996.6,1436
2023-01-04 10:20:00,3996.6,3996.68,3995.41,3995.82,1
2023-01-04 10:21:00,3995.82,3997.81,3995.81,3997.5,3231
2023-01-04 10:22:00,3997.5,3997.58,3996.59,3997.01,3801
2023-01-04 10:23:00,3997.01,3997.14,3995.32,3995.71,3152
2023-01-04 10:24:00,3995.71,3996.14,3994.86,3994.99,5688
2023-01-04 10:25:00,3994.99,3995.4,3994.61,3995.28,33264
2023-01-04 10:26:00,3995.28,3995.97,3994.06,3995.68,10016
2023-01-04 10:27:00,3995.68,3995.94,3995.07,3995.48,10977
2023-01-04 10:28:00,3995.48,3995.71,3995.17,3995.61,15224
2023-01-04 10:29:00,3995.61,3995.83,3995.07,3995.14,4463
2023-01-04 10:30:00,3995.14,3995.44,3994.42,3995.14,2343
2023-01-04 10:31:00,3995.14,3995.84,3990.99,3991.69,537
2023-01-04 10:32:00,3991.69,3992.42,3990.85,3991.01,2382
2023-01-04 10:33:00,3991.01,3991.65,3989.96,3991.47,21215
2023-01-04 10:34:00,3991.47,3993.01,3990.69,3992.47,1468
2023-01-04 10:35:00,3992.47,3994.34,3992.07,3993.7,3792
2023-01-04 10:36:00,3993.7,3994.52,3991.46,3991.91,22092
2023-01-04 10:37:00,3991.91,3993.31,3991.21,3992.87,598
2023-01-04 10:38:00,3992.87,3993.43,3992.5,3992.93,148
2023-01-04 10:39:00,3992.93,3993.7,3991.6,3992.16,195
2023-01-04 10:40:00,3992.16,3992.66,3990.54,3991.82,7570
2023-01-04 10:41:00,3991.82,3991.86,3991.53,3991.53,6237
2023-01-04 10:42:00,3991.53,3991.84,3990.94,3991.57,14871
2023-01-04 10:43:00,3991.57,3993.3,3990.79,3993.24,37302
2023-01-04 10:44:00,3993.24,3994.54,3993.06,3994.25,177
2023-01-04 10:45:00,3994.25,3994.74,3993.02,3993.39,7297
2023-01-04 10:46:00,3993.39,3994.12,3991.45,3991.53,18777
2023-01-04 10:47:00,3991.53,3991.94,3991.19,3991.61,6124
2023-01-04 10:48:00,3991.61,3992.02,3989.15,3989.2,13761
2023-01-04 10:49:00,3989.2,3989.55,3986.72,3986.74,31650
2023-01-04 10:50:00,3986.74,3986.89,3986.11,3986.77,2179
2023-01-04 10:51:00,3986.77,3986.94,3985.35,3985.85,15201
2023-01-04 10:52:00,3985.85,3985.97,3983.93,3984.18,4912
2023-01-04 10:53:00,3984.18,3986.47,3983.75,3985.89,4234
2023-01-04 10:54:00,3985.89,3986.12,3985.04,3985.54,12300
2023-01-04 10:55:00,3985.54,3986.08,3985.35,3985.42,31685
2023-01-04 10:56:00,3985.42,3985.52,3982.0,3983.01,793
2023-01-04 10:57:00,3983.01,3983.44,3982.7,3983.02,6155
2023-01-04 10:58:00,3983.02,3983.79,3978.99,3979.7,512
2023-01-04 10:59:00,3979.7,3979.93,3979.12,3979.3,2770
2023-01-04 11:00:00,3979.3,3979.54,3975.9,3976.91,758
2023-01-04 11:01:00,3976.91,3976.99,3974.84,3974.86,2108
2023-01-04 11:02:00,3974.86,3975.51,3974.54,3975.5,6479
2023-01-04 11:03:00,3975.5,3976.71,3975.09,3976.23,10233
2023-01-04 11:04:00,3976.23,3976.47,3974.06,3974.8,6909
2023-01-04 11:05:00,3974.8,3975.64,3974.7,3975.33,2596
2023-01-04 11:06:00,3975.33,3975.63,3973.02,3973.46,13051
2023-01-04 11:07:00,3973.46,3973.53,3972.34,3972.78,296
2023-01-04 11:08:00,3972.78,3976.05,3972.6,3975.93,5072
2023-01-04 11:09:00,3975.93,3976.6,3974.16,3974.96,14035
2023-01-04 11:10:00,3974.96,3975.46,3971.81,3972.16,8302
2023-01-04 11:11:00,3972.16,3974.03,3971.53,3973.34,2749
2023-01-04 11:12:00,3973.34,3973.84,3973.14,3973.36,30049
2023-01-04 11:13:00,3973.36,3975.16,3972.37,3974.39,8677
2023-01-04 11:14:00,3974.39,3976.87,3973.94,3976.82,22452
2023-01-04 11:15:00,3976.82,3977.53,3974.62,3974.82,6469
2023-01-04 11:16:00,3974.82,3974.83,3972.02,3972.65,4028
2023-01-04 11:17:00,3972.65,3973.38,3972.43,3973.19,738
2023-01-04 11:18:00,3973.19,3973.29,3969.07,3969.29,4037
2023-01-04 11:19:00,3969.29,3970.41,3968.92,3969.89,10631
2023-01-04 11:20:00,3969.89,3970.05,3966.97,3967.23,1368
2023-01-04 11:21:00,3967.23,3967.57,3965.82,3967.1,561
2023-01-04 11:22:00,3967.1,3967.65,3965.13,3965.47,13543
2023-01-04 11:23:00,3965.47,3965.6,3963.18,3963.75,3608
2023-01-04 11:24:00,3963.75,3966.03,3963.52,3965.54,4635
2023-01-04 11:25:00,3965.54,3966.96,3964.68,3966.23,10817
2023-01-04 11:26:00,3966.23,3966.77,3965.82,3966.36,15170
2023-01-04 11:27:00,3966.36,3967.43,3966.31,3967.14,433
2023-01-04 11:28:00,3967.14,3968.87,3966.62,3968.12,14229
2023-01-04 11:29:00,3968.12,3968.14,3966.15,3966.62,7110
2023-01-04 11:30:00,3966.62,3967.63,3966.36,3967.53,12529
2023-01-04 13:00:00,3967.53,3969.27,3967.5,3968.86,11861
2023-01-04 13:01:00,3968.86,3970.07,3968.45,3969.86,2172
2023-01-04 13:02:00,3969.86,3970.51,3968.33,3968.94,38408
2023-01-04 13:03:00,3968.94,3969.99,3968.71,3969.6,29391
2023-01-04 13:04:00,3969.6,3973.3,3969.56,3972.11,1779
2023-01-04 13:05:00,3972.11,3973.58,3971.96,3973.15,18263
2023-01-04 13:06:00,3973.15,3973.18,3972.82,3973.04,2678
2023-01-04 13:07:00,3973.04,3974.67,3972.79,3974.38,530
2023-01-04 13:08:00,3974.38,3975.36,3974.36,3974.46,19851
2023-01-04 13:09:00,3974.46,3975.46,3973.38,3975.19,1412
2023-01-04 13:10:00,3975.19,3977.4,3974.69,3976.84,20511
2023-01-04 13:11:00,3976.84,3978.74,3976.5,3978.43,8480
2023-01-04 13:12:00,3978.43,3978.46,3976.06,3976.38,3391
2023-01-04 13:13:00,3976.38,3977.06,3974.07,3974.84,13193
2023-01-04 13:14:00,3974.84,3976.85,3974.76,3976.5,15313
2023-01-04 13:15:00,3976.5,3977.36,3975.14,3975.7,582
2023-01-04 13:16:00,3975.7,3977.83,3975.62,3977.55,10264
2023-01-04 13:17:00,3977.55,3979.96,3977.37,3979.23,13900
2023-01-04 13:18:00,3979.23,3979.38,3976.98,3977.24,3234
2023-01-04 13:19:00,3977.24,3977.78,3977.23,3977.76,1976
2023-01-04 13:20:00,3977.76,3978.51,3976.31,3976.62,12192
2023-01-04 13:21:00,3976.62,3977.08,3973.1,3973.85,2298
2023-01-04 13:22:00,3973.85,3974.72,3972.81,3972.88,3389
2023-01-04 13:23:00,3972.88,3973.22,3972.51,3973.19,785
2023-01-04 13:24:00,3973.19,3973.49,3973.09,3973.45,965
2023-01-04 13:25:00,3973.45,3976.63,3972.8,3975.96,152
2023-01-04 13:26:00,3975.96,3977.8,3975.45,3977.21,9416
2023-01-04 13:27:00,3977.21,3977.67,3975.01,3975.52,29324
2023-01-04 13:28:00,3975.52,3976.04,3975.38,3975.93,8857
2023-01-04 13:29:00,3975.93,3978.09,3975.82,3977.5,8744
2023-01-04 13:30:00,3977.5,3977.66,3976.62,3977.44,31601
2023-01-04 13:31:00,3977.44,3979.29,3977.15,3979.12,37725
2023-01-04 13:32:00,3979.12,3979.55,3977.52,3977.59,13798
2023-01-04 13:33:00,3977.59,3978.01,3977.18,3977.4,12853
2023-01-04 13:34:00,3977.4,3977.4,3974.94,3974.99,9500
2023-01-04 13:35:00,3974.99,3975.33,3972.8,3973.05,2222
2023-01-04 13:36:00,3973.05,3973.62,3972.76,3973.44,138
2023-01-04 13:37:00,3973.44,3973.79,3971.81,3972.27,645
2023-01-04 13:38:00,3972.27,3973.12,3970.87,3971.02,9332
2023-01-04 13:39:00,3971.02,3971.14,3969.9,3970.15,26987
2023-01-04 13:40:00,3970.15,3971.56,3970.05,3970.86,9591
2023-01-04 13:41:00,3970.86,3972.6,3970.48,3972.16,4638
2023-01-04 13:42:00,3972.16,3972.29,3971.78,3972.22,7729
2023-01-04 13:43:00,3972.22,3972.91,3970.89,3971.04,15482
2023-01-04 13:44:00,3971.04,3973.19,3970.66,3972.12,2855
2023-01-04 13:45:00,3972.12,3972.98,3970.22,3971.21,27532
2023-01-04 13:46:00,3971.21,3971.45,3969.18,3970.06,221
2023-01-04 13:47:00,3970.06,3971.06,3970.06,3970.1,26188
2023-01-04 13:48:00,3970.1,3970.23,3968.88,3969.07,5270
2023-01-04 13:49:00,3969.07,3969.47,3967.04,3967.18,730
2023-01-04 13:50:00,3967.18,3967.45,3966.24,3966.76,21344
2023-01-04 13:51:00,3966.76,3968.1,3966.6,3967.62,3707
2023-01-04 13:52:00,3967.62,3967.67,3965.87,3966.7,7669
2023-01-04 13:53:00,3966.7,3967.36,3964.43,3964.67,3678
2023-01-04 13:54:00,3964.67,3966.07,3963.99,3965.49,7044
2023-01-04 13:55:00,3965.49,3965.92,3965.06,3965.15,2155
2023-01-04 13:56:00,3965.15,3969.84,3964.72,3969.63,18195
2023-01-04 13:57:00,3969.63,3970.56,3968.6,3970.26,1747
2023-01-04 13:58:00,3970.26,3970.75,3968.29,3968.56,11840
2023-01-04 13:59:00,3968.56,3968.71,3967.45,3967.93,7234
2023-01-04 14:00:00,3967.93,3969.45,3967.72,3969.31,4373
2023-01-04 14:01:00,3969.31,3969.47,3967.77,3968.99,2815
2023-01-04 14:02:00,3968.99,3969.71,3968.69,3969.64,2668
2023-01-04 14:03:00,3969.64,3972.21,3968.84,3971.17,7784
2023-01-04 14:04:00,3971.17,3971.71,3967.82,3968.35,1883
2023-01-04 14:05:00,3968.35,3968.35,3964.23,3964.39,7603
2023-01-04 14:06:00,3964.39,3965.91,3963.94,3965.78,1246
2023-01-04 14:07:00,3965.78,3965.98,3963.94,3964.44,4973
2023-01-04 14:08:00,3964.44,3965.48,3964.35,3965.41,7088
2023-01-04 14:09:00,3965.41,3965.44,3963.65,3964.96,9900
2023-01-04 14:10:00,3964.96,3965.51,3962.88,3963.3,100
2023-01-04 14:11:00,3963.3,3964.6,3963.11,3963.72,18535
2023-01-04 14:12:00,3963.72,3965.34,3963.62,3964.3,15680
2023-01-04 14:13:00,3964.3,3964.4,3961.92,3962.32,4907
2023-01-04 14:14:00,3962.32,3962.46,3961.76,3962.23,7803
2023-01-04 14:15:00,3962.23,3962.33,3960.72,3961.32,5682
2023-01-04 14:16:00,3961.32,3961.86,3960.24,3960.58,4315
2023-01-04 14:17:00,3960.58,3960.67,3959.34,3959.64,12827
2023-01-04 14:18:00,3959.64,3960.29,3955.85,3956.33,83
2023-01-04 14:19:00,3956.33,3957.88,3956.23,3957.31,16321
2023-01-04 14:20:00,3957.31,3957.45,3956.55,3957.3,687
2023-01-04 14:21:00,3957.3,3958.72,3956.95,3957.99,16245
2023-01-04 14:22:00,3957.99,3959.74,3957.96,3959.17,11121
2023-01-04 14:23:00,3959.17,3961.63,3958.95,3961.28,22110
2023-01-04 14:24:00,3961.28,3961.45,3960.45,3960.56,14217
2023-01-04 14:25:00,3960.56,3963.64,3960.46,3963.11,10007
2023-01-04 14:26:00,3963.11,3964.57,3962.5,3964.52,12601
2023-01-04 14:27:00,3964.52,3964.85,3962.7,3963.25,2419
2023-01-04 14:28:00,3963.25,3963.67,3961.99,3962.07,7073
2023-01-04 14:29:00,3962.07,3962.83,3960.45,3960.71,15908
2023-01-04 14:30:00,3960.71,3962.72,3960.16,3962.25,3066
2023-01-04 14:31:00,3962.25,3962.79,3961.67,3962.51,2118
2023-01-04 14:32:00,3962.51,3963.02,3960.82,3961.17,9046
2023-01-04 14:33:00,3961.17,3963.06,3960.89,3962.44,14306
2023-01-04 14:34:00,3962.44,3963.86,3961.72,3963.38,5662
2023-01-04 14:35:00,3963.38,3964.69,3963.33,3963.91,3901
2023-01-04 14:36:00,3963.91,3964.24,3963.36,3963.51,55616
2023-01-04 14:37:00,3963.51,3964.17,3963.28,3964.01,696
2023-01-04 14:38:00,3964.01,3964.59,3961.3,3961.71,16433
2023-01-04 14:39:00,3961.71,3961.83,3960.16,3960.18,15312
2023-01-04 14:40:00,3960.18,3961.09,3959.66,3959.98,10623
2023-01-04 14:41:00,3959.98,3961.58,3959.79,3960.92,8287
2023-01-04 14:42:00,3960.92,3963.04,3960.75,3962.55,8841
2023-01-04 14:43:00,3962.55,3962.78,3962.38,3962.77,12289
2023-01-04 14:44:00,3962.77,3965.79,3962.49,3965.11,9084
2023-01-04 14:45:00,3965.11,3966.72,3964.8,3965.67,8993
2023-01-04 14:46:00,3965.67,3967.03,3965.34,3966.99,11232
2023-01-04 14:47:00,3966.99,3967.73,3964.42,3965.41,11944
2023-01-04 14:48:00,3965.41,3966.07,3964.97,3965.41,1698
2023-01-04 14:49:00,3965.41,3968.1,3965.13,3967.26,6072
2023-01-04 14:50:00,3967.26,3967.73,3965.7,3965.94,1860
2023-01-04 14:51:00,3965.94,3968.7,3965.73,3968.27,32421
2023-01-04 14:52:00,3968.27,3969.45,3966.74,3968.96,5139
2023-01-04 14:53:00,3968.96,3969.9,3968.77,3969.33,8751
2023-01-04 14:54:00,3969.33,3970.2,3968.46,3969.02,533
2023-01-04 14:55:00,3969.02,3969.24,3968.81,3968.91,21284
2023-01-04 14:56:00,3968.91,3969.07,3967.37,3967.77,2372
2023-01-04 14:57:00,3967.77,3969.12,3967.32,3968.72,58917
2023-01-04 14:58:00,3968.72,3968.86,3967.73,3967.77,6255
2023-01-04 14:59:00,3967.77,3967.87,3966.89,3966.99,736
2023-01-04 15:00:00,3966.99,3967.32,3965.52,3965.87,6331
2023-01-05 09:30:00,3965.87,3966.02,3965.01,3965.14,36147
2023-01-05 09:31:00,3965.14,3965.99,3964.54,3964.77,16009
2023-01-05 09:32:00,3964.77,3965.3,3962.73,3962.97,2963
2023-01-05 09:33:00,3962.97,3963.65,3961.87,3962.44,646
2023-01-05 09:34:00,3962.44,3963.61,3962.23,3963.33,19999
2023-01-05 09:35:00,3963.33,3964.29,3961.87,3961.94,8287
2023-01-05 09:36:00,3961.94,3962.09,3961.31,3961.4,1555
2023-01-05 09:37:00,3961.4,3966.16,3961.01,3965.44,6691
2023-01-05 09:38:00,3965.44,3965.86,3964.87,3965.32,586
2023-01-05 09:39:00,3965.32,3965.92,3963.34,3964.5,12910
2023-01-05 09:40:00,3964.5,3967.65,3964.26,3967.25,3766
2023-01-05 09:41:00,3967.25,3968.41,3967.18,3967.8,45517
2023-01-05 09:42:00,3967.8,3968.22,3967.36,3967.38,13534
2023-01-05 09:43:00,3967.38,3969.04,3964.54,3965.27,18215
2023-01-05 09:44:00,3965.27,3966.89,3964.42,3966.7,6051
2023-01-05 09:45:00,3966.7,3966.95,3965.14,3965.32,2186
2023-01-05 09:46:00,3965.32,3968.98,3964.21,3968.17,2611
2023-01-05 09:47:00,3968.17,3969.22,3967.5,3967.93,10837
2023-01-05 09:48:00,3967.93,3968.81,3967.64,3968.26,2468
2023-01-05 09:49:00,3968.26,3968.48,3966.79,3967.0,3364
2023-01-05 09:50:00,3967.0,3967.11,3964.74,3965.34,4579
2023-01-05 09:51:00,3965.34,3965.4,3964.15,3964.57,18651
2023-01-05 09:52:00,3964.57,3964.82,3963.23,3963.78,2461
2023-01-05 09:53:00,3963.78,3964.98,3963.51,3964.8,3055
2023-01-05 09:54:00,3964.8,3966.22,3964.48,3965.6,6130
2023-01-05 09:55:00,3965.6,3966.65,3965.47,3966.29,6657
2023-01-05 09:56:00,3966.29,3966.62,3964.74,3964.89,6312
2023-01-05 09:57:00,3964.89,3965.68,3964.5,3964.6,1678
2023-01-05 09:58:00,3964.6,3964.85,3960.22,3960.48,17576
2023-01-05 09:59:00,3960.48,3962.87,3959.93,3962.57,7145
2023-01-05 10:00:00,3962.57,3963.83,3962.31,3963.72,515
2023-01-05 10:01:00,3963.72,3969.64,3963.46,3969.61,5765
2023-01-05 10:02:00,3969.61,3969.75,3969.15,3969.18,2711
2023-01-05 10:03:00,3969.18,3969.3,3968.09,3968.54,3299
2023-01-05 10:04:00,3968.54,3969.1,3967.69,3967.92,13893
2023-01-05 10:05:00,3967.92,3969.96,3967.69,3969.8,2704
2023-01-05 10:06:00,3969.8,3971.75,3969.71,3970.83,684
2023-01-05 10:07:00,3970.83,3972.6,3970.76,3971.83,2671
2023-01-05 10:08:00,3971.83,3971.86,3971.49,3971.54,27061
2023-01-05 10:09:00,3971.54,3972.27,3970.81,3971.92,11347
2023-01-05 10:10:00,3971.92,3973.45,3971.47,3973.22,3307
2023-01-05 10:11:00,3973.22,3975.15,3972.7,3974.66,9746
2023-01-05 10:12:00,3974.66,3974.77,3972.93,3973.75,4206
2023-01-05 10:13:00,3973.75,3973.98,3972.58,3973.16,26398
2023-01-05 10:14:00,3973.16,3974.22,3973.12,3973.65,2832
2023-01-05 10:15:00,3973.65,3974.68,3968.97,3969.16,13910
2023-01-05 10:16:00,3969.16,3970.62,3968.69,3969.86,5148
2023-01-05 10:17:00,3969.86,3972.62,3969.56,3972.48,11745
2023-01-05 10:18:00,3972.48,3972.79,3970.98,3971.24,5620
2023-01-05 10:19:00,3971.24,3971.36,3968.8,3969.66,3396
2023-01-05 10:20:00,3969.66,3969.69,3966.11,3966.79,1796
2023-01-05 10:21:00,3966.79,3969.83,3966.29,3969.77,23270
2023-01-05 10:22:00,3969.77,3972.09,3969.5,3971.67,17202
2023-01-05 10:23:00,3971.67,3972.92,3971.26,3971.97,22865
2023-01-05 10:24:00,3971.97,3972.45,3969.42,3969.48,8600
2023-01-05 10:25:00,3969.48,3970.14,3969.44,3969.62,39408
2023-01-05 10:26:00,3969.62,3972.2,3969.59,3971.9,7599
2023-01-05 10:27:00,3971.9,3972.77,3971.29,3971.58,27857
2023-01-05 10:28:00,3971.58,3972.01,3968.51,3968.72,2568
2023-01-05 10:29:00,3968.72,3972.26,3968.39,3971.55,8618
2023-01-05 10:30:00,3971.55,3973.41,3971.5,3973.18,4320
2023-01-05 10:31:00,3973.18,3975.74,3972.92,3975.16,3977
2023-01-05 10:32:00,3975.16,3976.58,3972.66,3972.88,4796
2023-01-05 10:33:00,3972.88,3973.95,3972.65,3973.71,4855
2023-01-05 10:34:00,3973.71,3973.91,3970.81,3970.91,7583
2023-01-05 10:35:00,3970.91,3971.6,3970.65,3971.58,5238
2023-01-05 10:36:00,3971.58,3972.75,3971.55,3972.26,12544
2023-01-05 10:37:00,3972.26,3973.0,3971.91,3972.93,1237
2023-01-05 10:38:00,3972.93,3973.93,3972.64,3973.85,4379
2023-01-05 10:39:00,3973.85,3975.28,3973.28,3974.18,17936
2023-01-05 10:40:00,3974.18,3975.42,3973.5,3974.82,1119
2023-01-05 10:41:00,3974.82,3975.36,3972.86,3973.76,11264
2023-01-05 10:42:00,3973.76,3973.86,3972.32,3972.92,1705
2023-01-05 10:43:00,3972.92,3973.52,3972.18,3972.33,21146
2023-01-05 10:44:00,3972.33,3972.49,3969.18,3970.06,31728
2023-01-05 10:45:00,3970.06,3970.26,3969.93,3970.09,27227
2023-01-05 10:46:00,3970.09,3970.77,3969.45,3970.42,13959
2023-01-05 10:47:00,3970.42,3973.97,3970.25,3972.98,5594
2023-01-05 10:48:00,3972.98,3974.42,3972.86,3974.14,7771
2023-01-05 10:49:00,3974.14,3974.26,3973.19,3973.77,4764
2023-01-05 10:50:00,3973.77,3973.92,3973.46,3973.49,7217
2023-01-05 10:51:00,3973.49,3975.65,3972.61,3975.32,3933
2023-01-05 10:52:00,3975.32,3975.53,3974.74,3975.18,11119
2023-01-05 10:53:00,3975.18,3977.77,3974.94,3977.1,3091
2023-01-05 10:54:00,3977.1,3980.11,3976.73,3979.57,27892
2023-01-05 10:55:00,3979.57,3980.33,3978.99,3980.11,2518
2023-01-05 10:56:00,3980.11,3981.72,3979.53,3980.79,1874
2023-01-05 10:57:00,3980.79,3981.54,3980.13,3980.36,22824
2023-01-05 10:58:00,3980.36,3980.74,3979.55,3980.07,1779
2023-01-05 10:59:00,3980.07,3982.74,3979.82,3982.56,20280
2023-01-05 11:00:00,3982.56,3982.92,3981.39,3982.35,290
2023-01-05 11:01:00,3982.35,3984.41,3982.33,3984.32,15482
2023-01-05 11:02:00,3984.32,3984.34,3983.32,3984.19,36420
2023-01-05 11:03:00,3984.19,3987.3,3984.02,3986.43,12359
2023-01-05 11:04:00,3986.43,3987.28,3986.01,3987.14,518
2023-01-05 11:05:00,3987.14,3987.75,3983.82,3983.95,16380
2023-01-05 11:06:00,3983.95,3984.31,3982.83,3982.89,4116
2023-01-05 11:07:00,3982.89,3983.23,3981.16,3981.54,526
2023-01-05 11:08:00,3981.54,3981.73,3976.67,3977.18,7548
2023-01-05 11:09:00,3977.18,3977.31,3974.14,3974.74,16369
2023-01-05 11:10:00,3974.74,3974.97,3973.6,3973.83,4479
2023-01-05 11:11:00,3973.83,3974.68,3972.35,3972.79,583
2023-01-05 11:12:00,3972.79,3972.99,3972.17,3972.64,10258
2023-01-05 11:13:00,3972.64,3973.81,3972.48,3973.55,22603
2023-01-05 11:14:00,3973.55,3973.93,3971.32,3972.05,11159
2023-01-05 11:15:00,3972.05,3972.31,3970.81,3971.3,17392
2023-01-05 11:16:00,3971.3,3971.46,3969.25,3969.64,11125
2023-01-05 11:17:00,3969.64,3971.83,3969.54,3971.64,49038
2023-01-05 11:18:00,3971.64,3973.89,3971.43,3972.98,6305
2023-01-05 11:19:00,3972.98,3974.7,3972.09,3974.05,5577
2023-01-05 11:20:00,3974.05,3976.06,3973.86,3975.12,27246
2023-01-05 11:21:00,3975.12,3976.24,3974.84,3975.77,8123
2023-01-05 11:22:00,3975.77,3976.11,3973.96,3974.34,20066
2023-01-05 11:23:00,3974.34,3975.81,3973.9,3975.59,11285
2023-01-05 11:24:00,3975.59,3978.85,3975.22,3978.09,5604
2023-01-05 11:25:00,3978.09,3981.22,3977.71,3980.76,2565
2023-01-05 11:26:00,3980.76,3981.14,3978.5,3979.19,2468
2023-01-05 11:27:00,3979.19,3980.77,3979.02,3980.23,460
2023-01-05 11:28:00,3980.23,3980.85,3978.57,3978.96,4034
2023-01-05 11:29:00,3978.96,3979.12,3978.89,3978.9,851
2023-01-05 11:30:00,3978.9,3979.86,3976.65,3977.29,3508
2023-01-05 13:00:00,3977.29,3977.69,3977.26,3977.58,517
2023-01-05 13:01:00,3977.58,3978.32,3977.57,3977.86,719
2023-01-05 13:02:00,3977.86,3982.26,3977.46,3982.16,4169
2023-01-05 13:03:00,3982.16,3982.54,3981.68,3981.9,3472
2023-01-05 13:04:00,3981.9,3982.85,3980.68,3980.8,23052
2023-01-05 13:05:00,3980.8,3982.29,3980.62,3981.76,3507
2023-01-05 13:06:00,3981.76,3982.31,3981.19,3981.98,10043
2023-01-05 13:07:00,3981.98,3982.0,3981.17,3981.62,10937
2023-01-05 13:08:00,3981.62,3984.37,3981.27,3983.38,1445
2023-01-05 13:09:00,3983.38,3984.05,3983.27,3983.73,13054
2023-01-05 13:10:00,3983.73,3983.92,3982.28,3982.42,0
2023-01-05 13:11:00,3982.42,3983.1,3980.46,3981.04,31613
2023-01-05 13:12:00,3981.04,3981.55,3979.66,3981.25,888
2023-01-05 13:13:00,3981.25,3981.68,3977.24,3978.02,2748
2023-01-05 13:14:00,3978.02,3980.41,3977.71,3980.27,1016
2023-01-05 13:15:00,3980.27,3983.64,3979.63,3982.4,3959
2023-01-05 13:16:00,3982.4,3983.32,3981.58,3982.91,11162
2023-01-05 13:17:00,3982.91,3983.48,3981.01,3981.18,1373
2023-01-05 13:18:00,3981.18,3982.04,3979.42,3979.77,12060
2023-01-05 13:19:00,3979.77,3980.75,3978.89,3980.57,9654
2023-01-05 13:20:00,3980.57,3980.8,3979.7,3980.57,9599
2023-01-05 13:21:00,3980.57,3980.78,3980.0,3980.03,8808
2023-01-05 13:22:00,3980.03,3980.45,3978.51,3978.55,587
2023-01-05 13:23:00,3978.55,3979.3,3977.78,3978.85,10154
2023-01-05 13:24:00,3978.85,3980.22,3978.84,3979.23,2907
2023-01-05 13:25:00,3979.23,3981.38,3978.44,3980.6,4538
2023-01-05 13:26:00,3980.6,3981.72,3979.52,3981.47,2106
2023-01-05 13:27:00,3981.47,3983.12,3981.11,3982.22,211
2023-01-05 13:28:00,3982.22,3982.41,3981.78,3981.86,14546
2023-01-05 13:29:00,3981.86,3982.47,3979.83,3980.32,14116
2023-01-05 13:30:00,3980.32,3983.89,3979.73,3982.76,27292
2023-01-05 13:31:00,3982.76,3982.93,3981.77,3981.98,4745
2023-01-05 13:32:00,3981.98,3982.19,3981.73,3982.1,7050
2023-01-05 13:33:00,3982.1,3983.27,3981.52,3982.78,1223
2023-01-05 13:34:00,3982.78,3982.89,3979.77,3980.25,4898
2023-01-05 13:35:00,3980.25,3981.23,3978.92,3979.19,16805
2023-01-05 13:36:00,3979.19,3979.54,3978.93,3979.45,30914
2023-01-05 13:37:00,3979.45,3980.05,3978.61,3979.34,5132
2023-01-05 13:38:00,3979.34,3982.47,3979.16,3982.05,4971
2023-01-05 13:39:00,3982.05,3983.17,3980.97,3982.81,20550
2023-01-05 13:40:00,3982.81,3985.52,3982.35,3984.59,16246
2023-01-05 13:41:00,3984.59,3984.63,3982.94,3983.37,5046
2023-01-05 13:42:00,3983.37,3983.96,3983.15,3983.58,1642
2023-01-05 13:43:00,3983.58,3987.23,3983.33,3986.54,17628
2023-01-05 13:44:00,3986.54,3988.79,3986.12,3988.77,9945
2023-01-05 13:45:00,3988.77,3989.79,3988.67,3989.51,1327
2023-01-05 13:46:00,3989.51,3989.79,3988.95,3989.36,411
2023-01-05 13:47:00,3989.36,3991.28,3989.02,3990.01,11155
2023-01-05 13:48:00,3990.01,3990.89,3989.97,3990.2,30064
2023-01-05 13:49:00,3990.2,3990.4,3988.19,3989.19,4795
2023-01-05 13:50:00,3989.19,3989.26,3987.65,3987.94,23269
2023-01-05 13:51:00,3987.94,3988.21,3985.7,3986.0,17175
2023-01-05 13:52:00,3986.0,3986.17,3985.28,3985.89,4355
2023-01-05 13:53:00,3985.89,3986.96,3985.67,3986.27,15343
2023-01-05 13:54:00,3986.27,3988.68,3985.39,3987.92,31687
2023-01-05 13:55:00,3987.92,3991.77,3987.63,3991.33,8477
2023-01-05 13:56:00,3991.33,3992.03,3989.14,3989.41,7410
2023-01-05 13:57:00,3989.41,3991.03,3989.36,3990.46,1783
2023-01-05 13:58:00,3990.46,3990.71,3988.97,3989.25,4889
2023-01-05 13:59:00,3989.25,3989.53,3987.59,3989.06,4825
2023-01-05 14:00:00,3989.06,3992.23,3988.96,3992.14,7046
2023-01-05 14:01:00,3992.14,3995.63,3992.06,3994.68,32136
2023-01-05 14:02:00,3994.68,3997.27,3994.38,3996.21,466
2023-01-05 14:03:00,3996.21,3996.32,3995.49,3995.53,1315
2023-01-05 14:04:00,3995.53,3996.35,3995.35,3995.41,4433
2023-01-05 14:05:00,3995.41,3997.93,3994.84,3996.88,5289
2023-01-05 14:06:00,3996.88,4000.28,3996.72,3998.96,242
2023-01-05 14:07:00,3998.96,3999.22,3996.68,3997.44,3788
2023-01-05 14:08:00,3997.44,3999.14,3997.16,3998.44,1019
2023-01-05 14:09:00,3998.44,3999.45,3998.18,3999.18,6445
2023-01-05 14:10:00,3999.18,4002.54,3998.53,4002.09,15252
2023-01-05 14:11:00,4002.09,4002.18,4001.84,4002.15,5270
2023-01-05 14:12:00,4002.15,4002.45,3999.56,4000.1,13125
2023-01-05 14:13:00,4000.1,4003.54,3999.88,4002.66,20130
2023-01-05 14:14:00,4002.66,4003.46,4002.48,4003.38,1508
2023-01-05 14:15:00,4003.38,4006.4,4003.13,4005.3,56625
2023-01-05 14:16:00,4005.3,4005.5,4001.14,4001.56,5041
2023-01-05 14:17:00,4001.56,4002.14,4000.58,4000.68,5419
2023-01-05 14:18:00,4000.68,4004.36,3999.82,4003.79,8570
2023-01-05 14:19:00,4003.79,4004.41,4002.58,4003.63,2358
2023-01-05 14:20:00,4003.63,4006.62,4003.32,4006.02,8298
2023-01-05 14:21:00,4006.02,4007.88,4005.33,4007.34,13281
2023-01-05 14:22:00,4007.34,4007.94,4006.12,4007.81,1429
2023-01-05 14:23:00,4007.81,4008.59,4006.84,4007.01,3399
2023-01-05 14:24:00,4007.01,4010.78,4006.9,4010.78,3363
2023-01-05 14:25:00,4010.78,4011.8,4010.72,4011.74,958
2023-01-05 14:26:00,4011.74,4012.17,4008.73,4009.79,5231
2023-01-05 14:27:00,4009.79,4011.26,4009.68,4011.23,22132
2023-01-05 14:28:00,4011.23,4013.47,4011.03,4012.84,5615
2023-01-05 14:29:00,4012.84,4013.42,4012.21,4013.32,3130
2023-01-05 14:30:00,4013.32,4014.07,4012.95,4013.75,3658
2023-01-05 14:31:00,4013.75,4017.61,4012.79,4016.94,850
2023-01-05 14:32:00,4016.94,4017.69,4015.06,4015.11,3330
2023-01-05 14:33:00,4015.11,4017.16,4014.57,4016.97,26993
2023-01-05 14:34:00,4016.97,4017.93,4016.47,4017.87,8314
2023-01-05 14:35:00,4017.87,4020.33,4017.39,4019.76,21182
2023-01-05 14:36:00,4019.76,4021.41,4019.54,4021.27,2492
2023-01-05 14:37:00,4021.27,4024.35,4020.88,4024.35,14271
2023-01-05 14:38:00,4024.35,4024.75,4022.31,4023.16,2353
2023-01-05 14:39:00,4023.16,4023.27,4023.07,4023.21,15227
2023-01-05 14:40:00,4023.21,4024.18,4022.68,4023.8,33708
2023-01-05 14:41:00,4023.8,4023.95,4021.73,4022.33,8558
2023-01-05 14:42:00,4022.33,4023.68,4021.6,4023.67,3742
2023-01-05 14:43:00,4023.67,4026.99,4023.25,4026.51,5197
2023-01-05 14:44:00,4026.51,4028.08,4026.2,4027.66,15296
2023-01-05 14:45:00,4027.66,4028.03,4027.1,4027.31,18716
2023-01-05 14:46:00,4027.31,4028.46,4026.73,4027.71,644
2023-01-05 14:47:00,4027.71,4027.72,4025.82,4026.22,16545
2023-01-05 14:48:00,4026.22,4026.41,4024.19,4024.55,19568
2023-01-05 14:49:00,4024.55,4025.44,4024.33,4025.16,29008
2023-01-05 14:50:00,4025.16,4025.73,4023.31,4023.92,6943
2023-01-05 14:51:00,4023.92,4025.27,4023.74,4024.17,16214
2023-01-05 14:52:00,4024.17,4024.23,4022.9,4023.07,10856
2023-01-05 14:53:00,4023.07,4024.47,4023.0,4024.17,19555
2023-01-05 14:54:00,4024.17,4024.88,4023.81,4024.68,13547
2023-01-05 14:55:00,4024.68,4025.09,4022.93,4022.96,551
2023-01-05 14:56:00,4022.96,4023.17,4022.06,4023.07,18911
2023-01-05 14:57:00,4023.07,4023.27,4021.3,4021.39,2097
2023-01-05 14:58:00,4021.39,4023.28,4020.49,4023.24,9271
2023-01-05 14:59:00,4023.24,4025.23,4022.97,4025.15,1113
2023-01-05 15:00:00,4025.15,4026.65,4024.68,4026.41,11941
